name,project,x,z,,y,,,,,x,y,z
antARctica,,20.14995,-134.6330575,,0.1,,,,,201499.5,-1346330.575,0
antARctica,,20.09734,-134.2913825,,0.1,,,,,200973.4,-1342913.825,0
antARctica,,19.9791025,-133.5122075,,0.1,,,,,199791.025,-1335122.075,0
antARctica,,19.8546375,-132.6643075,,0.1,,,,,198546.375,-1326643.075,0
antARctica,,19.7832775,-132.1163825,,0.1,,,,,197832.775,-1321163.825,0
antARctica,,19.7301525,-131.3827875,,0.1,,,,,197301.525,-1313827.875,0
antARctica,,19.6457775,-130.1101325,,0.1,,,,,196457.775,-1301101.325,0
antARctica,,19.5676525,-128.8656,,0.1,,,,,195676.525,-1288656,0
antARctica,,19.5332775,-128.2163825,,0.1,,,,,195332.775,-1282163.825,0
antARctica,,19.57234,-127.700245,,0.1,,,,,195723.4,-1277002.45,0
antARctica,,19.6582775,-126.762255,,0.1,,,,,196582.775,-1267622.55,0
antARctica,,19.744215,-125.8304925,,0.1,,,,,197442.15,-1258304.925,0
antARctica,,19.7832775,-125.333105,,0.1,,,,,197832.775,-1253331.05,0
antARctica,,19.831445,-124.7982175,,0.1,,,,,198314.45,-1247982.175,0
antARctica,,19.9437,-123.766455,,0.1,,,,,199437,-1237664.55,0
antARctica,,20.0715825,-122.6846675,,0.1,,,,,200715.825,-1226846.675,0
antARctica,,20.166625,-121.99978,,0.1,,,,,201666.25,-1219997.8,0
antARctica,,20.22958292,-121.6305531,,0.1,,,,,202295.8292,-1216305.531,0
antARctica,,13.237525,-71.2288825,,0.1,,,,,132375.25,-712288.825,0
antARctica,,13.2094,-71.2575675,,0.1,,,,,132094,-712575.675,0
antARctica,,13.14065,-71.33003,,0.1,,,,,131406.5,-713300.3,0
antARctica,,13.0547125,-71.425915,,0.1,,,,,130547.125,-714259.15,0
antARctica,,12.975025,-71.5248425,,0.1,,,,,129750.25,-715248.425,0
antARctica,,12.89287,-71.634205,,0.1,,,,,128928.7,-716342.05,0
antARctica,,12.798975,-71.756495,,0.1,,,,,127989.75,-717564.95,0
antARctica,,12.716015,-71.863965,,0.1,,,,,127160.15,-718639.65,0
antARctica,,12.666675,-71.9288825,,0.1,,,,,126666.75,-719288.825,0
antARctica,,12.627685,-72.0012825,,0.1,,,,,126276.85,-720012.825,0
antARctica,,12.5734625,-72.1236825,,0.1,,,,,125734.625,-721236.825,0
antARctica,,12.52312,-72.2570075,,0.1,,,,,125231.2,-722570.075,0
antARctica,,12.49585,-72.36222,,0.1,,,,,124958.5,-723622.2,0
antARctica,,12.48108,-72.4654775,,0.1,,,,,124810.8,-724654.775,0
antARctica,,12.4588875,-72.6038825,,0.1,,,,,124588.875,-726038.825,0
antARctica,,12.434325,-72.754785,,0.1,,,,,124343.25,-727547.85,0
antARctica,,12.412525,-72.895545,,0.1,,,,,124125.25,-728955.45,0
antARctica,,12.4061525,-73.10288,,0.1,,,,,124061.525,-731028.8,0
antARctica,,12.417725,-73.404015,,0.1,,,,,124177.25,-734040.15,0
antARctica,,12.43711,-73.70199,,0.1,,,,,124371.1,-737019.9,0
antARctica,,12.454175,-73.899865,,0.1,,,,,124541.75,-738998.65,0
antARctica,,12.5033925,-74.124535,,0.1,,,,,125033.925,-741245.35,0
antARctica,,12.597925,-74.4757825,,0.1,,,,,125979.25,-744757.825,0
antARctica,,12.69558,-74.8161375,,0.1,,,,,126955.8,-748161.375,0
antARctica,,12.754175,-75.00807,,0.1,,,,,127541.75,-750080.7,0
antARctica,,12.8543225,-75.255785,,0.1,,,,,128543.225,-752557.85,0
antARctica,,13.04624,-75.7148325,,0.1,,,,,130462.4,-757148.325,0
antARctica,,13.242065,-76.1746575,,0.1,,,,,132420.65,-761746.575,0
antARctica,,13.3540275,-76.4247325,,0.1,,,,,133540.275,-764247.325,0
antARctica,,13.493385,-76.686645,,0.1,,,,,134933.85,-766866.45,0
antARctica,,13.7494875,-77.170045,,0.1,,,,,137494.875,-771700.45,0
antARctica,,14.00166,-77.64641,,0.1,,,,,140016.6,-776464.1,0
antARctica,,14.1292,-77.8872325,,0.1,,,,,141292,-778872.325,0
antARctica,,14.2882575,-78.1734375,,0.1,,,,,142882.575,-781734.375,0
antARctica,,14.6078625,-78.74558,,0.1,,,,,146078.625,-787455.8,0
antARctica,,14.926685,-79.3146,,0.1,,,,,149266.85,-793146,0
antARctica,,15.0833975,-79.59143,,0.1,,,,,150833.975,-795914.3,0
antARctica,,15.1302,-79.6571775,,0.1,,,,,151302,-796571.775,0
antARctica,,15.2078375,-79.7643425,,0.1,,,,,152078.375,-797643.425,0
antARctica,,15.2878175,-79.880885,,0.1,,,,,152878.175,-798808.85,0
antARctica,,15.34165,-79.9747675,,0.1,,,,,153416.5,-799747.675,0
antARctica,,15.3904775,-80.08297,,0.1,,,,,153904.775,-800829.7,0
antARctica,,15.4604,-80.2341425,,0.1,,,,,154604,-802341.425,0
antARctica,,15.5303225,-80.3837525,,0.1,,,,,155303.225,-803837.525,0
antARctica,,15.57915,-80.4872675,,0.1,,,,,155791.5,-804872.675,0
antARctica,,15.6323975,-80.591955,,0.1,,,,,156323.975,-805919.55,0
antARctica,,15.711425,-80.7435175,,0.1,,,,,157114.25,-807435.175,0
antARctica,,15.788915,-80.89508,,0.1,,,,,157889.15,-808950.8,0
antARctica,,15.837475,-80.9997675,,0.1,,,,,158374.75,-809997.675,0
antARctica,,15.879345,-81.09502,,0.1,,,,,158793.45,-810950.2,0
antARctica,,15.9411375,-81.224255,,0.1,,,,,159411.375,-812242.55,0
antARctica,,16.002125,-81.349585,,0.1,,,,,160021.25,-813495.85,0
antARctica,,16.04165,-81.433105,,0.1,,,,,160416.5,-814331.05,0
antARctica,,16.067115,-81.491625,,0.1,,,,,160671.15,-814916.25,0
antARctica,,16.0953125,-81.5575675,,0.1,,,,,160953.125,-815575.675,0
antARctica,,16.11958,-81.616505,,0.1,,,,,161195.8,-816165.05,0
antARctica,,16.133325,-81.65393,,0.1,,,,,161333.25,-816539.3,0
antARctica,,16.1627675,-81.74358,,0.1,,,,,161627.675,-817435.8,0
antARctica,,16.221875,-81.9211175,,0.1,,,,,162218.75,-819211.175,0
antARctica,,16.28567,-82.1150625,,0.1,,,,,162856.7,-821150.625,0
antARctica,,16.32915,-82.25393,,0.1,,,,,163291.5,-822539.3,0
antARctica,,16.3855225,-82.4151375,,0.1,,,,,163855.225,-824151.375,0
antARctica,,16.47705,-82.656005,,0.1,,,,,164770.5,-826560.05,0
antARctica,,16.5623525,-82.875025,,0.1,,,,,165623.525,-828750.25,0
antARctica,,16.599975,-82.970605,,0.1,,,,,165999.75,-829706.05,0
antARctica,,16.674975,-83.146655,,0.1,,,,,166749.75,-831466.55,0
antARctica,,16.749975,-83.322705,,0.1,,,,,167499.75,-833227.05,0
antARctica,,16.824975,-83.49873,,0.1,,,,,168249.75,-834987.3,0
antARctica,,16.899975,-83.67478,,0.1,,,,,168999.75,-836747.8,0
antARctica,,16.932275,-83.78833,,0.1,,,,,169322.75,-837883.3,0
antARctica,,16.96455,-83.901855,,0.1,,,,,169645.5,-839018.55,0
antARctica,,16.99685,-84.015405,,0.1,,,,,169968.5,-840154.05,0
antARctica,,17.02915,-84.128955,,0.1,,,,,170291.5,-841289.55,0
antARctica,,17.07915,-84.31748,,0.1,,,,,170791.5,-843174.8,0
antARctica,,17.12915,-84.50603,,0.1,,,,,171291.5,-845060.3,0
antARctica,,17.17915,-84.69458,,0.1,,,,,171791.5,-846945.8,0
antARctica,,17.22915,-84.883105,,0.1,,,,,172291.5,-848831.05,0
antARctica,,17.2569575,-84.9950925,,0.1,,,,,172569.575,-849950.925,0
antARctica,,17.3202875,-85.253955,,0.1,,,,,173202.875,-852539.55,0
antARctica,,17.3890875,-85.5440425,,0.1,,,,,173890.875,-855440.425,0
antARctica,,17.4333,-85.74978,,0.1,,,,,174333,-857497.8,0
antARctica,,17.4736075,-85.9776375,,0.1,,,,,174736.075,-859776.375,0
antARctica,,17.5338375,-86.31643,,0.1,,,,,175338.375,-863164.3,0
antARctica,,17.588575,-86.623975,,0.1,,,,,175885.75,-866239.75,0
antARctica,,17.612475,-86.758105,,0.1,,,,,176124.75,-867581.05,0
antARctica,,17.65205,-86.951855,,0.1,,,,,176520.5,-869518.55,0
antARctica,,17.69165,-87.145605,,0.1,,,,,176916.5,-871456.05,0
antARctica,,17.73125,-87.339355,,0.1,,,,,177312.5,-873393.55,0
antARctica,,17.770825,-87.53308,,0.1,,,,,177708.25,-875330.8,0
antARctica,,17.801025,-87.6726575,,0.1,,,,,178010.25,-876726.575,0
antARctica,,17.83125,-87.812255,,0.1,,,,,178312.5,-878122.55,0
antARctica,,17.86145,-87.95183,,0.1,,,,,178614.5,-879518.3,0
antARctica,,17.89165,-88.0914075,,0.1,,,,,178916.5,-880914.075,0
antARctica,,17.933325,-88.2789075,,0.1,,,,,179333.25,-882789.075,0
antARctica,,17.975,-88.4664075,,0.1,,,,,179750,-884664.075,0
antARctica,,18.01665,-88.6539075,,0.1,,,,,180166.5,-886539.075,0
antARctica,,18.058325,-88.8414075,,0.1,,,,,180583.25,-888414.075,0
antARctica,,18.094775,-88.96538,,0.1,,,,,180947.75,-889653.8,0
antARctica,,18.13125,-89.08933,,0.1,,,,,181312.5,-890893.3,0
antARctica,,18.1677,-89.2132825,,0.1,,,,,181677,-892132.825,0
antARctica,,18.20415,-89.337255,,0.1,,,,,182041.5,-893372.55,0
antARctica,,18.244775,-89.537255,,0.1,,,,,182447.75,-895372.55,0
antARctica,,18.2854,-89.737255,,0.1,,,,,182854,-897372.55,0
antARctica,,18.326025,-89.937255,,0.1,,,,,183260.25,-899372.55,0
antARctica,,18.36665,-90.137255,,0.1,,,,,183666.5,-901372.55,0
antARctica,,18.3927,-90.281005,,0.1,,,,,183927,-902810.05,0
antARctica,,18.41875,-90.424755,,0.1,,,,,184187.5,-904247.55,0
antARctica,,18.444775,-90.568505,,0.1,,,,,184447.75,-905685.05,0
antARctica,,18.470825,-90.7122325,,0.1,,,,,184708.25,-907122.325,0
antARctica,,13.20017,-72.3495975,,0.1,,,,,132001.7,-723495.975,0
antARctica,,13.1811525,-72.417895,,0.1,,,,,131811.525,-724178.95,0
antARctica,,13.1386975,-72.5771975,,0.1,,,,,131386.975,-725771.975,0
antARctica,,13.0946775,-72.759155,,0.1,,,,,130946.775,-727591.55,0
antARctica,,13.070995,-72.8954225,,0.1,,,,,130709.95,-728954.225,0
antARctica,,13.06162,-73.0458975,,0.1,,,,,130616.2,-730458.975,0
antARctica,,13.04912,-73.2644175,,0.1,,,,,130491.2,-732644.175,0
antARctica,,13.0381825,-73.47351,,0.1,,,,,130381.825,-734735.1,0
antARctica,,13.033495,-73.5957025,,0.1,,,,,130334.95,-735957.025,0
antARctica,,13.0582025,-73.7416375,,0.1,,,,,130582.025,-737416.375,0
antARctica,,13.116015,-74.004835,,0.1,,,,,131160.15,-740048.35,0
antARctica,,13.18247,-74.2821525,,0.1,,,,,131824.7,-742821.525,0
antARctica,,13.233155,-74.4704225,,0.1,,,,,132331.55,-744704.225,0
antARctica,,13.2955325,-74.64873,,0.1,,,,,132955.325,-746487.3,0
antARctica,,13.39021,-74.9055175,,0.1,,,,,133902.1,-749055.175,0
antARctica,,13.482495,-75.1516475,,0.1,,,,,134824.95,-751516.475,0
antARctica,,13.5376475,-75.2980225,,0.1,,,,,135376.475,-752980.225,0
antARctica,,13.64065,-75.5061525,,0.1,,,,,136406.5,-755061.525,0
antARctica,,13.83711,-75.882215,,0.1,,,,,138371.1,-758822.15,0
antARctica,,14.0332525,-76.2540775,,0.1,,,,,140332.525,-762540.775,0
antARctica,,14.135255,-76.44961,,0.1,,,,,141352.55,-764496.1,0
antARctica,,14.15349,-76.4881475,,0.1,,,,,141534.9,-764881.475,0
antARctica,,14.162865,-76.507935,,0.1,,,,,141628.65,-765079.35,0
antARctica,,14.1663325,-76.515235,,0.1,,,,,141663.325,-765152.35,0
antARctica,,14.1668225,-76.5162725,,0.1,,,,,141668.225,-765162.725,0
antARctica,,13.9084475,-76.3248425,,0.1,,,,,139084.475,-763248.425,0
antARctica,,13.9249275,-76.3474125,,0.1,,,,,139249.275,-763474.125,0
antARctica,,13.96836,-76.4054575,,0.1,,,,,139683.6,-764054.575,0
antARctica,,14.0297375,-76.4846075,,0.1,,,,,140297.375,-764846.075,0
antARctica,,14.1001225,-76.5704475,,0.1,,,,,141001.225,-765704.475,0
antARctica,,14.1905025,-76.682885,,0.1,,,,,141905.025,-766828.85,0
antARctica,,14.298585,-76.8261725,,0.1,,,,,142985.85,-768261.725,0
antARctica,,14.39541,-76.96244,,0.1,,,,,143954.1,-769624.4,0
antARctica,,14.4519525,-77.053785,,0.1,,,,,144519.525,-770537.85,0
antARctica,,14.5088875,-77.1614625,,0.1,,,,,145088.875,-771614.625,0
antARctica,,14.60503,-77.333985,,0.1,,,,,146050.3,-773339.85,0
antARctica,,14.708545,-77.51433,,0.1,,,,,147085.45,-775143.3,0
antARctica,,14.7876225,-77.6454475,,0.1,,,,,147876.225,-776454.475,0
antARctica,,14.875585,-77.78296,,0.1,,,,,148755.85,-777829.6,0
antARctica,,15.000635,-77.979835,,0.1,,,,,150006.35,-779798.35,0
antARctica,,15.123365,-78.1751575,,0.1,,,,,151233.65,-781751.575,0
antARctica,,15.2042975,-78.30797,,0.1,,,,,152042.975,-783079.7,0
antARctica,,15.244995,-78.38811,,0.1,,,,,152449.95,-783881.1,0
antARctica,,15.27671,-78.464745,,0.1,,,,,152767.1,-784647.45,0
antARctica,,15.3044925,-78.5359,,0.1,,,,,153044.925,-785359,0
antARctica,,15.3334725,-78.599635,,0.1,,,,,153334.725,-785996.35,0
antARctica,,15.42766,-78.746765,,0.1,,,,,154276.6,-787467.65,0
antARctica,,15.596485,-78.998585,,0.1,,,,,155964.85,-789985.85,0
antARctica,,15.762965,-79.2488525,,0.1,,,,,157629.65,-792488.525,0
antARctica,,15.8501225,-79.3912975,,0.1,,,,,158501.225,-793912.975,0
antARctica,,15.9093025,-79.5194825,,0.1,,,,,159093.025,-795194.825,0
antARctica,,16.01106,-79.7324475,,0.1,,,,,160110.6,-797324.475,0
antARctica,,16.1073475,-79.93213,,0.1,,,,,161073.475,-799321.3,0
antARctica,,16.1501225,-80.02047,,0.1,,,,,161501.225,-800204.7,0
antARctica,,16.1740725,-80.05901,,0.1,,,,,161740.725,-800590.1,0
antARctica,,16.1980475,-80.0975575,,0.1,,,,,161980.475,-800975.575,0
antARctica,,16.2219975,-80.1361075,,0.1,,,,,162219.975,-801361.075,0
antARctica,,16.2459475,-80.174645,,0.1,,,,,162459.475,-801746.45,0
antARctica,,16.2980225,-80.2725575,,0.1,,,,,162980.225,-802725.575,0
antARctica,,16.3500975,-80.3704825,,0.1,,,,,163500.975,-803704.825,0
antARctica,,16.4021975,-80.468395,,0.1,,,,,164021.975,-804683.95,0
antARctica,,16.4542725,-80.5663075,,0.1,,,,,164542.725,-805663.075,0
antARctica,,18.3632075,-87.15332,,0.1,,,,,183632.075,-871533.2,0
antARctica,,18.4136725,-87.3348875,,0.1,,,,,184136.725,-873348.875,0
antARctica,,18.5269525,-87.75083,,0.1,,,,,185269.525,-877508.3,0
antARctica,,18.64585,-88.2080075,,0.1,,,,,186458.5,-882080.075,0
antARctica,,18.7132075,-88.513305,,0.1,,,,,187132.075,-885133.05,0
antARctica,,18.771485,-88.756275,,0.1,,,,,187714.85,-887562.75,0
antARctica,,18.8719725,-89.08457,,0.1,,,,,188719.725,-890845.7,0
antARctica,,18.9705575,-89.3922375,,0.1,,,,,189705.575,-893922.375,0
antARctica,,19.0232175,-89.573315,,0.1,,,,,190232.175,-895733.15,0
antARctica,,19.0394525,-89.6509775,,0.1,,,,,190394.525,-896509.775,0
antARctica,,19.0557125,-89.71455,,0.1,,,,,190557.125,-897145.5,0
antARctica,,19.0682125,-89.75752,,0.1,,,,,190682.125,-897575.2,0
antARctica,,19.0732175,-89.773315,,0.1,,,,,190732.175,-897733.15,0
antARctica,,18.9732175,-89.69331,,0.1,,,,,189732.175,-896933.1,0
antARctica,,19.0157225,-89.8458,,0.1,,,,,190157.225,-898458,0
antARctica,,19.0582275,-89.998315,,0.1,,,,,190582.275,-899983.15,0
antARctica,,19.1007325,-90.15083,,0.1,,,,,191007.325,-901508.3,0
antARctica,,19.1432375,-90.30332,,0.1,,,,,191432.375,-903033.2,0
antARctica,,19.1332275,-90.473315,,0.1,,,,,191332.275,-904733.15,0
antARctica,,19.12854,-90.4778325,,0.1,,,,,191285.4,-904778.325,0
antARctica,,19.1182125,-90.494555,,0.1,,,,,191182.125,-904945.55,0
antARctica,,19.10791,-90.528125,,0.1,,,,,191079.1,-905281.25,0
antARctica,,19.1032225,-90.5833,,0.1,,,,,191032.225,-905833,0
antARctica,,19.1344725,-90.8728525,,0.1,,,,,191344.725,-908728.525,0
antARctica,,19.2032225,-91.42207,,0.1,,,,,192032.225,-914220.7,0
antARctica,,19.2719725,-91.954395,,0.1,,,,,192719.725,-919543.95,0
antARctica,,19.3032225,-92.19331,,0.1,,,,,193032.225,-921933.1,0
antARctica,,19.3332275,-92.373315,,0.1,,,,,193332.275,-923733.15,0
antARctica,,19.3632325,-92.55332,,0.1,,,,,193632.325,-925533.2,0
antARctica,,19.3932125,-92.7333,,0.1,,,,,193932.125,-927333,0
antARctica,,19.4232175,-92.913305,,0.1,,,,,194232.175,-929133.05,0
antARctica,,19.3432125,-93.1833,,0.1,,,,,193432.125,-931833,0
antARctica,,19.3538325,-93.2436025,,0.1,,,,,193538.325,-932436.025,0
antARctica,,19.3757075,-93.40332,,0.1,,,,,193757.075,-934033.2,0
antARctica,,19.3938475,-93.6305175,,0.1,,,,,193938.475,-936305.175,0
antARctica,,19.3932125,-93.89331,,0.1,,,,,193932.125,-938933.1,0
antARctica,,19.37539,-94.3154775,,0.1,,,,,193753.9,-943154.775,0
antARctica,,19.3557375,-94.8932625,,0.1,,,,,193557.375,-948932.625,0
antARctica,,19.339795,-95.403565,,0.1,,,,,193397.95,-954035.65,0
antARctica,,19.3332525,-95.6232425,,0.1,,,,,193332.525,-956232.425,0
antARctica,,19.2957525,-95.9907475,,0.1,,,,,192957.525,-959907.475,0
antARctica,,19.2582525,-96.3582525,,0.1,,,,,192582.525,-963582.525,0
antARctica,,19.2207525,-96.7257325,,0.1,,,,,192207.525,-967257.325,0
antARctica,,19.1832525,-97.0932375,,0.1,,,,,191832.525,-970932.375,0
antARctica,,15.1333,-78.7132825,,0.1,,,,,151333,-787132.825,0
antARctica,,15.2708,-78.9007825,,0.1,,,,,152708,-789007.825,0
antARctica,,15.4083,-79.0882825,,0.1,,,,,154083,-790882.825,0
antARctica,,15.5458,-79.2757825,,0.1,,,,,155458,-792757.825,0
antARctica,,15.6833,-79.4632825,,0.1,,,,,156833,-794632.825,0
antARctica,,15.763305,-79.6632825,,0.1,,,,,157633.05,-796632.825,0
antARctica,,15.7958,-79.730785,,0.1,,,,,157958,-797307.85,0
antARctica,,15.828295,-79.79828,,0.1,,,,,158282.95,-797982.8,0
antARctica,,15.86079,-79.8657725,,0.1,,,,,158607.9,-798657.725,0
antARctica,,15.893285,-79.9332775,,0.1,,,,,158932.85,-799332.775,0
antARctica,,15.943285,-80.093285,,0.1,,,,,159432.85,-800932.85,0
antARctica,,16.093285,-80.4032825,,0.1,,,,,160932.85,-804032.825,0
antARctica,,16.243285,-80.7132825,,0.1,,,,,162432.85,-807132.825,0
antARctica,,16.393285,-81.02328,,0.1,,,,,163932.85,-810232.8,0
antARctica,,16.543285,-81.3332775,,0.1,,,,,165432.85,-813332.775,0
antARctica,,16.513305,-81.393285,,0.1,,,,,165133.05,-813932.85,0
antARctica,,16.54829,-81.4532725,,0.1,,,,,165482.9,-814532.725,0
antARctica,,16.5833,-81.5132825,,0.1,,,,,165833,-815132.825,0
antARctica,,16.61831,-81.57329,,0.1,,,,,166183.1,-815732.9,0
antARctica,,16.653295,-81.6332775,,0.1,,,,,166532.95,-816332.775,0
antARctica,,16.72329,-81.82329,,0.1,,,,,167232.9,-818232.9,0
antARctica,,16.8007825,-82.005785,,0.1,,,,,168007.825,-820057.85,0
antARctica,,16.878295,-82.1882825,,0.1,,,,,168782.95,-821882.825,0
antARctica,,16.95581,-82.3707775,,0.1,,,,,169558.1,-823707.775,0
antARctica,,17.0333,-82.5532725,,0.1,,,,,170333,-825532.725,0
antARctica,,16.9132825,-81.8032725,,0.1,,,,,169132.825,-818032.725,0
antARctica,,16.9457775,-81.8757825,,0.1,,,,,169457.775,-818757.825,0
antARctica,,16.9782725,-81.9482675,,0.1,,,,,169782.725,-819482.675,0
antARctica,,17.01079,-82.0207525,,0.1,,,,,170107.9,-820207.525,0
antARctica,,17.043285,-82.0932625,,0.1,,,,,170432.85,-820932.625,0
antARctica,,16.6632825,-81.3432625,,0.1,,,,,166632.825,-813432.625,0
antARctica,,16.6907725,-81.3807625,,0.1,,,,,166907.725,-813807.625,0
antARctica,,16.718285,-81.4182625,,0.1,,,,,167182.85,-814182.625,0
antARctica,,16.7458,-81.4557625,,0.1,,,,,167458,-814557.625,0
antARctica,,16.77329,-81.4932625,,0.1,,,,,167732.9,-814932.625,0
antARctica,,16.493285,-80.8032725,,0.1,,,,,164932.85,-808032.725,0
antARctica,,16.5407725,-80.8832775,,0.1,,,,,165407.725,-808832.775,0
antARctica,,16.5882825,-80.96327,,0.1,,,,,165882.825,-809632.7,0
antARctica,,16.63579,-81.0432625,,0.1,,,,,166357.9,-810432.625,0
antARctica,,16.6833,-81.1232675,,0.1,,,,,166833,-811232.675,0
antARctica,,17.2333,-82.5232675,,0.1,,,,,172333,-825232.675,0
antARctica,,17.35581,-82.8032725,,0.1,,,,,173558.1,-828032.725,0
antARctica,,17.478295,-83.0832525,,0.1,,,,,174782.95,-830832.525,0
antARctica,,17.6007825,-83.3632575,,0.1,,,,,176007.825,-833632.575,0
antARctica,,17.72329,-83.6432625,,0.1,,,,,177232.9,-836432.625,0
antARctica,,16.7632325,-78.3732175,,0.1,,,,,167632.325,-783732.175,0
antARctica,,16.92495,-78.687745,,0.1,,,,,169249.5,-786877.45,0
antARctica,,17.2919925,-79.4044675,,0.1,,,,,172919.925,-794044.675,0
antARctica,,17.687135,-80.1830575,,0.1,,,,,176871.35,-801830.575,0
antARctica,,17.9332275,-80.683215,,0.1,,,,,179332.275,-806832.15,0
antARctica,,18.06853,-80.9869625,,0.1,,,,,180685.3,-809869.625,0
antARctica,,18.2282225,-81.3582275,,0.1,,,,,182282.225,-813582.275,0
antARctica,,18.38037,-81.7294675,,0.1,,,,,183803.7,-817294.675,0
antARctica,,18.4931875,-82.0332275,,0.1,,,,,184931.875,-820332.275,0
antARctica,,18.6213125,-82.4711925,,0.1,,,,,186213.125,-824711.925,0
antARctica,,18.7981925,-83.1369875,,0.1,,,,,187981.925,-831369.875,0
antARctica,,18.9600575,-83.80088,,0.1,,,,,189600.575,-838008.8,0
antARctica,,19.0431875,-84.2332275,,0.1,,,,,190431.875,-842332.275,0
antARctica,,19.10276,-84.6275875,,0.1,,,,,191027.6,-846275.875,0
antARctica,,19.204565,-85.1831775,,0.1,,,,,192045.65,-851831.775,0
antARctica,,19.3007325,-85.67876,,0.1,,,,,193007.325,-856787.6,0
antARctica,,19.3434325,-85.89314,,0.1,,,,,193434.325,-858931.4,0
antARctica,,19.3884275,-86.088135,,0.1,,,,,193884.275,-860881.35,0
antARctica,,19.4334475,-86.283155,,0.1,,,,,194334.475,-862831.55,0
antARctica,,19.4784425,-86.47815,,0.1,,,,,194784.425,-864781.5,0
antARctica,,19.5234375,-86.673145,,0.1,,,,,195234.375,-866731.45,0
antARctica,,18.10315,-77.373205,,0.1,,,,,181031.5,-773732.05,0
antARctica,,18.1019775,-77.407275,,0.1,,,,,181019.775,-774072.75,0
antARctica,,18.10879,-77.5031975,,0.1,,,,,181087.9,-775031.975,0
antARctica,,18.1390125,-77.651635,,0.1,,,,,181390.125,-776516.35,0
antARctica,,18.208155,-77.8432,,0.1,,,,,182081.55,-778432,0
antARctica,,18.3022225,-78.0505375,,0.1,,,,,183022.225,-780505.375,0
antARctica,,18.39065,-78.2457025,,0.1,,,,,183906.5,-782457.025,0
antARctica,,18.4641125,-78.41836,,0.1,,,,,184641.125,-784183.6,0
antARctica,,18.51316,-78.5582025,,0.1,,,,,185131.6,-785582.025,0
antARctica,,18.5578375,-78.7320325,,0.1,,,,,185578.375,-787320.325,0
antARctica,,18.61565,-78.97008,,0.1,,,,,186156.5,-789700.8,0
antARctica,,18.6734375,-79.2071775,,0.1,,,,,186734.375,-792071.775,0
antARctica,,18.71814,-79.3781975,,0.1,,,,,187181.4,-793781.975,0
antARctica,,18.764405,-79.5411625,,0.1,,,,,187644.05,-795411.625,0
antARctica,,18.829395,-79.7631825,,0.1,,,,,188293.95,-797631.825,0
antARctica,,18.903785,-79.9927125,,0.1,,,,,189037.85,-799927.125,0
antARctica,,18.97815,-80.178185,,0.1,,,,,189781.5,-801781.85,0
antARctica,,3.535170669,-73.93942023,,0.1,,,,,35351.70669,-739394.2023,0
antARctica,,3.5833,-74.0631825,,0.1,,,,,35833,-740631.825,0
antARctica,,3.669555,-74.3424075,,0.1,,,,,36695.55,-743424.075,0
antARctica,,3.8382825,-74.9244375,,0.1,,,,,38382.825,-749244.375,0
antARctica,,4.0107675,-75.56084,,0.1,,,,,40107.675,-755608.4,0
antARctica,,4.1082775,-76.003185,,0.1,,,,,41082.775,-760031.85,0
antARctica,,4.18274,-76.4328725,,0.1,,,,,41827.4,-764328.725,0
antARctica,,4.302685,-77.0369275,,0.1,,,,,43026.85,-770369.275,0
antARctica,,4.41416,-77.575355,,0.1,,,,,44141.6,-775753.55,0
antARctica,,4.463305,-77.8081675,,0.1,,,,,44633.05,-778081.675,0
antARctica,,4.519555,-78.221925,,0.1,,,,,45195.55,-782219.25,0
antARctica,,4.575805,-78.63567,,0.1,,,,,45758.05,-786356.7,0
antARctica,,4.632055,-79.049415,,0.1,,,,,46320.55,-790494.15,0
antARctica,,4.688305,-79.46316,,0.1,,,,,46883.05,-794631.6,0
antARctica,,4.7163575,-79.660265,,0.1,,,,,47163.575,-796602.65,0
antARctica,,4.78142,-80.1137825,,0.1,,,,,47814.2,-801137.825,0
antARctica,,4.8549325,-80.6169925,,0.1,,,,,48549.325,-806169.925,0
antARctica,,4.9083,-80.96316,,0.1,,,,,49083,-809631.6,0
antARctica,,4.98252,-81.317455,,0.1,,,,,49825.2,-813174.55,0
antARctica,,5.108325,-81.86255,,0.1,,,,,51083.25,-818625.5,0
antARctica,,5.241625,-82.41792,,0.1,,,,,52416.25,-824179.2,0
antARctica,,5.33833,-82.803175,,0.1,,,,,53383.3,-828031.75,0
antARctica,,5.44209,-83.1355225,,0.1,,,,,54420.9,-831355.225,0
antARctica,,5.594605,-83.568165,,0.1,,,,,55946.05,-835681.65,0
antARctica,,5.749,-83.974585,,0.1,,,,,57490,-839745.85,0
antARctica,,5.858375,-84.228175,,0.1,,,,,58583.75,-842281.75,0
antARctica,,5.9492425,-84.3916025,,0.1,,,,,59492.425,-843916.025,0
antARctica,,6.0565175,-84.5756825,,0.1,,,,,60565.175,-845756.825,0
antARctica,,6.1459725,-84.7259775,,0.1,,,,,61459.725,-847259.775,0
antARctica,,6.1833975,-84.78816,,0.1,,,,,61833.975,-847881.6,0
antARctica,,6.19856,-84.82395,,0.1,,,,,61985.6,-848239.5,0
antARctica,,6.2333975,-84.9094475,,0.1,,,,,62333.975,-849094.475,0
antARctica,,6.2719975,-85.0118175,,0.1,,,,,62719.975,-850118.175,0
antARctica,,6.2984125,-85.0982425,,0.1,,,,,62984.125,-850982.425,0
antARctica,,6.34397,-85.1988775,,0.1,,,,,63439.7,-851988.775,0
antARctica,,6.4265625,-85.3370125,,0.1,,,,,64265.625,-853370.125,0
antARctica,,6.5100575,-85.4695075,,0.1,,,,,65100.575,-854695.075,0
antARctica,,6.5584225,-85.5532475,,0.1,,,,,65584.225,-855532.475,0
antARctica,,6.6159175,-85.6354975,,0.1,,,,,66159.175,-856354.975,0
antARctica,,6.7221675,-85.7613525,,0.1,,,,,67221.675,-857613.525,0
antARctica,,6.8340325,-85.884375,,0.1,,,,,68340.325,-858843.75,0
antARctica,,6.9084225,-85.9582275,,0.1,,,,,69084.225,-859582.275,0
antARctica,,6.98047,-86.0367675,,0.1,,,,,69804.7,-860367.675,0
antARctica,,7.0871825,-86.1701175,,0.1,,,,,70871.825,-861701.175,0
antARctica,,7.1882825,-86.306275,,0.1,,,,,71882.825,-863062.75,0
antARctica,,7.2434325,-86.3932375,,0.1,,,,,72434.325,-863932.375,0
antARctica,,7.2850825,-86.485035,,0.1,,,,,72850.825,-864850.35,0
antARctica,,7.3552975,-86.6326175,,0.1,,,,,73552.975,-866326.175,0
antARctica,,7.42832,-86.7792475,,0.1,,,,,74283.2,-867792.475,0
antARctica,,7.4784175,-86.8682375,,0.1,,,,,74784.175,-868682.375,0
antARctica,,7.5244375,-86.9372325,,0.1,,,,,75244.375,-869372.325,0
antARctica,,7.5877925,-87.0375975,,0.1,,,,,75877.925,-870375.975,0
antARctica,,7.64646,-87.1333,,0.1,,,,,76464.6,-871333,0
antARctica,,7.6784175,-87.1882325,,0.1,,,,,76784.175,-871882.325,0
antARctica,,7.6957775,-87.2125975,,0.1,,,,,76957.775,-872125.975,0
antARctica,,7.7196775,-87.2407225,,0.1,,,,,77196.775,-872407.225,0
antARctica,,7.7417,-87.2726075,,0.1,,,,,77417,-872726.075,0
antARctica,,7.7534175,-87.3082275,,0.1,,,,,77534.175,-873082.275,0
antARctica,,7.76482,-87.35166,,0.1,,,,,77648.2,-873516.6,0
antARctica,,7.7884275,-87.4007325,,0.1,,,,,77884.275,-874007.325,0
antARctica,,7.8195075,-87.44607,,0.1,,,,,78195.075,-874460.7,0
antARctica,,7.8534175,-87.4782475,,0.1,,,,,78534.175,-874782.475,0
antARctica,,7.883495,-87.5033925,,0.1,,,,,78834.95,-875033.925,0
antARctica,,7.9102775,-87.5370125,,0.1,,,,,79102.775,-875370.125,0
antARctica,,7.9398675,-87.58374,,0.1,,,,,79398.675,-875837.4,0
antARctica,,7.9783925,-87.64829,,0.1,,,,,79783.925,-876482.9,0
antARctica,,8.0496575,-87.8146975,,0.1,,,,,80496.575,-878146.975,0
antARctica,,8.1509025,-88.0907725,,0.1,,,,,81509.025,-880907.725,0
antARctica,,8.2483875,-88.36687,,0.1,,,,,82483.875,-883668.7,0
antARctica,,8.3083975,-88.5332775,,0.1,,,,,83083.975,-885332.775,0
antARctica,,8.39248,-88.87976,,0.1,,,,,83924.8,-888797.6,0
antARctica,,8.5384275,-89.54641,,0.1,,,,,85384.275,-895464.1,0
antARctica,,8.67688,-90.199,,0.1,,,,,86768.8,-901990,0
antARctica,,8.7384525,-90.503295,,0.1,,,,,87384.525,-905032.95,0
antARctica,,8.797045,-90.895875,,0.1,,,,,87970.45,-908958.75,0
antARctica,,8.9259525,-91.73518,,0.1,,,,,89259.525,-917351.8,0
antARctica,,9.0548575,-92.5698,,0.1,,,,,90548.575,-925698,0
antARctica,,9.1134525,-92.948315,,0.1,,,,,91134.525,-929483.15,0
antARctica,,9.1921875,-93.48208,,0.1,,,,,91921.875,-934820.8,0
antARctica,,9.2709475,-94.01582,,0.1,,,,,92709.475,-940158.2,0
antARctica,,9.3497075,-94.549585,,0.1,,,,,93497.075,-945495.85,0
antARctica,,9.4284675,-95.08335,,0.1,,,,,94284.675,-950833.5,0
antARctica,,9.4509775,-95.38833,,0.1,,,,,94509.775,-953883.3,0
antARctica,,9.4734625,-95.69331,,0.1,,,,,94734.625,-956933.1,0
antARctica,,9.4959475,-95.99829,,0.1,,,,,94959.475,-959982.9,0
antARctica,,9.5184575,-96.303295,,0.1,,,,,95184.575,-963032.95,0
antARctica,,15.3531975,-95.1431875,,0.1,,,,,153531.975,-951431.875,0
antARctica,,15.3468025,-95.3317875,,0.1,,,,,153468.025,-953317.875,0
antARctica,,15.3319575,-95.7669425,,0.1,,,,,153319.575,-957669.425,0
antARctica,,15.315235,-96.252685,,0.1,,,,,153152.35,-962526.85,0
antARctica,,15.3031975,-96.593165,,0.1,,,,,153031.975,-965931.65,0
antARctica,,15.2146,-97.26958,,0.1,,,,,152146,-972695.8,0
antARctica,,15.0294425,-98.49441,,0.1,,,,,150294.425,-984944.1,0
antARctica,,14.8461675,-99.6686275,,0.1,,,,,148461.675,-996686.275,0
antARctica,,14.7632075,-100.193165,,0.1,,,,,147632.075,-1001931.65,0
antARctica,,14.6375725,-100.731445,,0.1,,,,,146375.725,-1007314.45,0
antARctica,,14.3582025,-101.9269275,,0.1,,,,,143582.025,-1019269.275,0
antARctica,,14.0713375,-103.1505375,,0.1,,,,,140713.375,-1031505.375,0
antARctica,,13.9231925,-103.7731925,,0.1,,,,,139231.925,-1037731.925,0
antARctica,,13.7688,-104.32461,,0.1,,,,,137688,-1043246.1,0
antARctica,,13.4606925,-105.4169425,,0.1,,,,,134606.925,-1054169.425,0
antARctica,,13.1413325,-106.5448975,,0.1,,,,,131413.325,-1065448.975,0
antARctica,,12.9532225,-107.203175,,0.1,,,,,129532.225,-1072031.75,0
antARctica,,12.8188475,-107.6684825,,0.1,,,,,128188.475,-1076684.825,0
antARctica,,12.6207025,-108.36067,,0.1,,,,,126207.025,-1083606.7,0
antARctica,,12.4413325,-108.9891125,,0.1,,,,,124413.325,-1089891.125,0
antARctica,,12.3632075,-109.2631825,,0.1,,,,,123632.075,-1092631.825,0
antARctica,,12.2833,-109.5957025,,0.1,,,,,122833,-1095957.025,0
antARctica,,12.20337,-109.9282225,,0.1,,,,,122033.7,-1099282.225,0
antARctica,,12.1234625,-110.2607425,,0.1,,,,,121234.625,-1102607.425,0
antARctica,,12.043555,-110.5932375,,0.1,,,,,120435.55,-1105932.375,0
antARctica,,12.018555,-110.7032225,,0.1,,,,,120185.55,-1107032.225,0
antARctica,,11.993555,-110.8132325,,0.1,,,,,119935.55,-1108132.325,0
antARctica,,11.968555,-110.9232425,,0.1,,,,,119685.55,-1109232.425,0
antARctica,,11.943555,-111.0332525,,0.1,,,,,119435.55,-1110332.525,0
antARctica,,15.4432125,-92.9731925,,0.1,,,,,154432.125,-929731.925,0
antARctica,,15.4229,-92.733985,,0.1,,,,,154229,-927339.85,0
antARctica,,15.3707025,-92.1694575,,0.1,,,,,153707.025,-921694.575,0
antARctica,,15.299755,-91.5093025,,0.1,,,,,152997.55,-915093.025,0
antARctica,,15.2231925,-90.9832025,,0.1,,,,,152231.925,-909832.025,0
antARctica,,15.1255375,-90.39851,,0.1,,,,,151255.375,-903985.1,0
antARctica,,15.0044425,-89.5981925,,0.1,,,,,150044.425,-895981.925,0
antARctica,,14.892725,-88.86538,,0.1,,,,,148927.25,-888653.8,0
antARctica,,14.8231925,-88.4831775,,0.1,,,,,148231.925,-884831.775,0
antARctica,,14.7030275,-87.976,,0.1,,,,,147030.275,-879760,0
antARctica,,14.4769275,-86.9681875,,0.1,,,,,144769.275,-869681.875,0
antARctica,,14.23396,-85.892895,,0.1,,,,,142339.6,-858928.95,0
antARctica,,14.0631825,-85.1832025,,0.1,,,,,140631.825,-851832.025,0
antARctica,,13.9150625,-84.6492925,,0.1,,,,,139150.625,-846492.925,0
antARctica,,13.7256825,-83.9719475,,0.1,,,,,137256.825,-839719.475,0
antARctica,,13.56255,-83.390235,,0.1,,,,,135625.5,-833902.35,0
antARctica,,13.493165,-83.1432125,,0.1,,,,,134931.65,-831432.125,0
antARctica,,14.33579,-90.8328125,,0.1,,,,,143357.9,-908328.125,0
antARctica,,14.359595,-90.978125,,0.1,,,,,143595.95,-909781.25,0
antARctica,,14.377685,-91.0885,,0.1,,,,,143776.85,-910885,0
antARctica,,14.38916,-91.158595,,0.1,,,,,143891.6,-911585.95,0
antARctica,,14.3931875,-91.183155,,0.1,,,,,143931.875,-911831.55,0
antARctica,,14.4275625,-91.50205,,0.1,,,,,144275.625,-915020.5,0
antARctica,,14.503175,-92.2344,,0.1,,,,,145031.75,-922344,0
antARctica,,14.5788075,-93.0436275,,0.1,,,,,145788.075,-930436.275,0
antARctica,,14.6131825,-93.593165,,0.1,,,,,146131.825,-935931.65,0
antARctica,,14.6206775,-93.96067,,0.1,,,,,146206.775,-939606.7,0
antARctica,,14.6356925,-94.3956775,,0.1,,,,,146356.925,-943956.775,0
antARctica,,14.6469475,-94.8194325,,0.1,,,,,146469.475,-948194.325,0
antARctica,,14.6431875,-95.153175,,0.1,,,,,146431.875,-951531.75,0
antARctica,,14.6155275,-95.5780275,,0.1,,,,,146155.275,-955780.275,0
antARctica,,14.571925,-96.189405,,0.1,,,,,145719.25,-961894.05,0
antARctica,,14.526465,-96.780175,,0.1,,,,,145264.65,-967801.75,0
antARctica,,14.4931875,-97.14314,,0.1,,,,,144931.875,-971431.4,0
antARctica,,14.4319325,-97.60752,,0.1,,,,,144319.325,-976075.2,0
antARctica,,14.3256825,-98.405665,,0.1,,,,,143256.825,-984056.65,0
antARctica,,14.2231925,-99.18501,,0.1,,,,,142231.925,-991850.1,0
antARctica,,14.1731925,-99.59314,,0.1,,,,,141731.925,-995931.4,0
antARctica,,14.1267825,-99.8646975,,0.1,,,,,141267.825,-998646.975,0
antARctica,,14.034425,-100.325635,,0.1,,,,,140344.25,-1003256.35,0
antARctica,,13.943945,-100.7603025,,0.1,,,,,139439.45,-1007603.025,0
antARctica,,13.903175,-100.953125,,0.1,,,,,139031.75,-1009531.25,0
antARctica,,15.7532225,-134.6729975,,0.1,,,,,157532.225,-1346729.975,0
antARctica,,15.7549325,-134.50691,,0.1,,,,,157549.325,-1345069.1,0
antARctica,,15.7594725,-134.1317375,,0.1,,,,,157594.725,-1341317.375,0
antARctica,,15.76587,-133.7322275,,0.1,,,,,157658.7,-1337322.275,0
antARctica,,15.7732175,-133.4929925,,0.1,,,,,157732.175,-1334929.925,0
antARctica,,15.7838375,-133.305175,,0.1,,,,,157838.375,-1333051.75,0
antARctica,,15.7982175,-132.9955075,,0.1,,,,,157982.175,-1329955.075,0
antARctica,,15.8125975,-132.6521,,0.1,,,,,158125.975,-1326521,0
antARctica,,15.8232175,-132.3630125,,0.1,,,,,158232.175,-1323630.125,0
antARctica,,15.8463375,-131.97849,,0.1,,,,,158463.375,-1319784.9,0
antARctica,,15.8882075,-131.4242675,,0.1,,,,,158882.075,-1314242.675,0
antARctica,,15.9300775,-130.9019275,,0.1,,,,,159300.775,-1309019.275,0
antARctica,,15.9532225,-130.6130125,,0.1,,,,,159532.225,-1306130.125,0
antARctica,,15.9813475,-130.3153575,,0.1,,,,,159813.475,-1303153.575,0
antARctica,,16.0357175,-129.7842525,,0.1,,,,,160357.175,-1297842.525,0
antARctica,,16.0938475,-129.2475575,,0.1,,,,,160938.475,-1292475.575,0
antARctica,,16.1332275,-128.9330075,,0.1,,,,,161332.275,-1289330.075,0
antARctica,,16.174,-128.4311275,,0.1,,,,,161740,-1284311.275,0
antARctica,,16.2344725,-127.4830075,,0.1,,,,,162344.725,-1274830.075,0
antARctica,,16.2893075,-126.5423825,,0.1,,,,,162893.075,-1265423.825,0
antARctica,,16.3132075,-126.0630125,,0.1,,,,,163132.075,-1260630.125,0
antARctica,,16.32976,-125.6728525,,0.1,,,,,163297.6,-1256728.525,0
antARctica,,16.3707025,-124.9217775,,0.1,,,,,163707.025,-1249217.775,0
antARctica,,16.4229,-124.14629,,0.1,,,,,164229,-1241462.9,0
antARctica,,16.4732175,-123.6830075,,0.1,,,,,164732.175,-1236830.075,0
antARctica,,16.5313475,-123.3655025,,0.1,,,,,165313.475,-1233655.025,0
antARctica,,16.6007325,-122.9205075,,0.1,,,,,166007.325,-1229205.075,0
antARctica,,16.6588625,-122.5242675,,0.1,,,,,166588.625,-1225242.675,0
antARctica,,16.6832275,-122.3530025,,0.1,,,,,166832.275,-1223530.025,0
antARctica,,16.713085,-122.2222175,,0.1,,,,,167130.85,-1222222.175,0
antARctica,,16.7794925,-121.9292475,,0.1,,,,,167794.925,-1219292.475,0
antARctica,,16.847755,-121.62317,,0.1,,,,,168477.55,-1216231.7,0
antARctica,,16.8832275,-121.4530275,,0.1,,,,,168832.275,-1214530.275,0
antARctica,,16.89995,-121.3578625,,0.1,,,,,168999.5,-1213578.625,0
antARctica,,16.9269775,-121.2167975,,0.1,,,,,169269.775,-1212167.975,0
antARctica,,16.9521475,-121.0888175,,0.1,,,,,169521.475,-1210888.175,0
antARctica,,16.9632325,-121.0330325,,0.1,,,,,169632.325,-1210330.325,0
antARctica,,16.9434075,-113.2830075,,0.1,,,,,169434.075,-1132830.075,0
antARctica,,16.871215,-113.48567,,0.1,,,,,168712.15,-1134856.7,0
antARctica,,16.7034175,-113.9667475,,0.1,,,,,167034.175,-1139667.475,0
antARctica,,16.513085,-114.5359875,,0.1,,,,,165130.85,-1145359.875,0
antARctica,,16.3734125,-115.0030025,,0.1,,,,,163734.125,-1150030.025,0
antARctica,,16.2478025,-115.5117425,,0.1,,,,,162478.025,-1155117.425,0
antARctica,,16.0809075,-116.2080075,,0.1,,,,,160809.075,-1162080.075,0
antARctica,,15.9177975,-116.9042725,,0.1,,,,,159177.975,-1169042.725,0
antARctica,,15.8034175,-117.4130125,,0.1,,,,,158034.175,-1174130.125,0
antARctica,,15.70747,-117.9005125,,0.1,,,,,157074.7,-1179005.125,0
antARctica,,15.5909175,-118.5304925,,0.1,,,,,155909.175,-1185304.925,0
antARctica,,15.485595,-119.1117425,,0.1,,,,,154855.95,-1191117.425,0
antARctica,,15.4234125,-119.4530025,,0.1,,,,,154234.125,-1194530.025,0
antARctica,,15.3609375,-119.8442625,,0.1,,,,,153609.375,-1198442.625,0
antARctica,,15.2609375,-120.5130125,,0.1,,,,,152609.375,-1205130.125,0
antARctica,,15.1646975,-121.1742425,,0.1,,,,,151646.975,-1211742.425,0
antARctica,,15.1134275,-121.5429925,,0.1,,,,,151134.275,-1215429.925,0
antARctica,,15.032325,-122.0671875,,0.1,,,,,150323.25,-1220671.875,0
antARctica,,14.8696775,-123.08921,,0.1,,,,,148696.775,-1230892.1,0
antARctica,,14.7013925,-124.165625,,0.1,,,,,147013.925,-1241656.25,0
antARctica,,14.6034175,-124.852955,,0.1,,,,,146034.175,-1248529.55,0
antARctica,,14.54248,-125.3070325,,0.1,,,,,145424.8,-1253070.325,0
antARctica,,14.4534175,-125.88296,,0.1,,,,,144534.175,-1258829.6,0
antARctica,,14.364355,-126.436425,,0.1,,,,,143643.55,-1264364.25,0
antARctica,,14.3034175,-126.8229725,,0.1,,,,,143034.175,-1268229.725,0
antARctica,,14.25857,-127.22312,,0.1,,,,,142585.7,-1272231.2,0
antARctica,,14.2071775,-127.7967275,,0.1,,,,,142071.775,-1277967.275,0
antARctica,,14.1613775,-128.3684575,,0.1,,,,,141613.775,-1283684.575,0
antARctica,,14.1334225,-128.7629875,,0.1,,,,,141334.225,-1287629.875,0
antARctica,,14.0990475,-129.1704825,,0.1,,,,,140990.475,-1291704.825,0
antARctica,,14.0384275,-129.7654775,,0.1,,,,,140384.275,-1297654.775,0
antARctica,,13.9703125,-130.34922,,0.1,,,,,139703.125,-1303492.2,0
antARctica,,13.9134275,-130.7229725,,0.1,,,,,139134.275,-1307229.725,0
antARctica,,13.86421,-130.9917,,0.1,,,,,138642.1,-1309917,0
antARctica,,13.8046875,-131.35796,,0.1,,,,,138046.875,-1313579.6,0
antARctica,,13.7320325,-131.769215,,0.1,,,,,137320.325,-1317692.15,0
antARctica,,13.6434575,-132.1729725,,0.1,,,,,136434.575,-1321729.725,0
antARctica,,13.5228525,-132.659545,,0.1,,,,,135228.525,-1326595.45,0
antARctica,,13.3834725,-133.2379875,,0.1,,,,,133834.725,-1332379.875,0
antARctica,,13.2666025,-133.733935,,0.1,,,,,132666.025,-1337339.35,0
antARctica,,13.2134775,-133.9729725,,0.1,,,,,132134.775,-1339729.725,0
antARctica,,19.9734125,-88.38313,,0.1,,,,,199734.125,-883831.3,0
antARctica,,19.9995125,-88.5322025,,0.1,,,,,199995.125,-885322.025,0
antARctica,,20.0621575,-88.885645,,0.1,,,,,200621.575,-888856.45,0
antARctica,,20.13794,-89.3028325,,0.1,,,,,201379.4,-893028.325,0
antARctica,,20.2034175,-89.64314,,0.1,,,,,202034.175,-896431.4,0
antARctica,,20.22958292,-89.78856465,,0.1,,,,,202295.8292,-897885.6465,0
antARctica,,20.22958292,-109.1481811,,0.1,,,,,202295.8292,-1091481.811,0
antARctica,,19.9219,-109.6763925,,0.1,,,,,199219,-1096763.925,0
antARctica,,19.623315,-110.1732675,,0.1,,,,,196233.15,-1101732.675,0
antARctica,,19.39082,-110.63247,,0.1,,,,,193908.2,-1106324.7,0
antARctica,,19.113305,-111.2820075,,0.1,,,,,191133.05,-1112820.075,0
antARctica,,18.88081,-111.8621575,,0.1,,,,,188808.1,-1118621.575,0
antARctica,,18.783325,-112.1132575,,0.1,,,,,187833.25,-1121132.575,0
antARctica,,18.71067,-112.28999,,0.1,,,,,187106.7,-1122899.9,0
antARctica,,18.54707,-112.6870125,,0.1,,,,,185470.7,-1126870.125,0
antARctica,,18.3740725,-113.1046625,,0.1,,,,,183740.725,-1131046.625,0
antARctica,,18.27329,-113.3432625,,0.1,,,,,182732.9,-1133432.625,0
antARctica,,18.1865725,-113.591845,,0.1,,,,,181865.725,-1135918.45,0
antARctica,,18.03706,-114.0570075,,0.1,,,,,180370.6,-1140570.075,0
antARctica,,17.87815,-114.5652825,,0.1,,,,,178781.5,-1145652.825,0
antARctica,,17.763305,-114.9432625,,0.1,,,,,177633.05,-1149432.625,0
antARctica,,17.6428225,-115.3840325,,0.1,,,,,176428.225,-1153840.325,0
antARctica,,17.474535,-116.0244875,,0.1,,,,,174745.35,-1160244.875,0
antARctica,,17.323145,-116.606835,,0.1,,,,,173231.45,-1166068.35,0
antARctica,,17.253295,-116.8732175,,0.1,,,,,172532.95,-1168732.175,0
antARctica,,16.6833,-101.67334,,0.1,,,,,166833,-1016733.4,0
antARctica,,16.73579,-101.46958,,0.1,,,,,167357.9,-1014695.8,0
antARctica,,16.855785,-101.003345,,0.1,,,,,168557.85,-1010033.45,0
antARctica,,16.987035,-100.49209,,0.1,,,,,169870.35,-1004920.9,0
antARctica,,17.07329,-100.153345,,0.1,,,,,170732.9,-1001533.45,0
antARctica,,17.14204,-99.8592775,,0.1,,,,,171420.4,-998592.775,0
antARctica,,17.240795,-99.42085,,0.1,,,,,172407.95,-994208.5,0
antARctica,,17.343285,-98.9636725,,0.1,,,,,173432.85,-989636.725,0
antARctica,,17.42329,-98.613355,,0.1,,,,,174232.9,-986133.55,0
antARctica,,17.512035,-98.0474125,,0.1,,,,,175120.35,-980474.125,0
antARctica,,17.63081,-97.10835,,0.1,,,,,176308.1,-971083.5,0
antARctica,,17.738305,-96.1692875,,0.1,,,,,177383.05,-961692.875,0
antARctica,,17.79331,-95.603345,,0.1,,,,,177933.1,-956033.45,0
antARctica,,17.8017575,-95.2236575,,0.1,,,,,178017.575,-952236.575,0
antARctica,,17.800805,-94.69585,,0.1,,,,,178008.05,-946958.5,0
antARctica,,17.7961175,-94.1717775,,0.1,,,,,177961.175,-941717.775,0
antARctica,,17.79331,-93.803345,,0.1,,,,,177933.1,-938033.45,0
antARctica,,17.7803475,-93.42837,,0.1,,,,,177803.475,-934283.7,0
antARctica,,17.74956,-92.89585,,0.1,,,,,177495.6,-928958.5,0
antARctica,,17.713135,-92.37461,,0.1,,,,,177131.35,-923746.1,0
antARctica,,17.6833,-92.033375,,0.1,,,,,176833,-920333.75,0
antARctica,,17.6448725,-91.6919675,,0.1,,,,,176448.725,-916919.675,0
antARctica,,17.58579,-91.1771,,0.1,,,,,175857.9,-911771,0
antARctica,,17.5229725,-90.667895,,0.1,,,,,175229.725,-906678.95,0
antARctica,,17.47329,-90.34336,,0.1,,,,,174732.9,-903433.6,0
antARctica,,17.4153325,-90.00962,,0.1,,,,,174153.325,-900096.2,0
antARctica,,17.332055,-89.48086,,0.1,,,,,173320.55,-894808.6,0
antARctica,,17.2469,-88.948365,,0.1,,,,,172469,-889483.65,0
antARctica,,17.1833,-88.60337,,0.1,,,,,171833,-886033.7,0
antARctica,,17.1090825,-88.286035,,0.1,,,,,171090.825,-882860.35,0
antARctica,,17.00205,-87.81963,,0.1,,,,,170020.5,-878196.3,0
antARctica,,16.90066,-87.3700925,,0.1,,,,,169006.6,-873700.925,0
antARctica,,16.84331,-87.10337,,0.1,,,,,168433.1,-871033.7,0
antARctica,,16.8042475,-86.9104,,0.1,,,,,168042.475,-869104,0
antARctica,,16.74082,-86.6171375,,0.1,,,,,167408.2,-866171.375,0
antARctica,,16.6661375,-86.2919925,,0.1,,,,,166661.375,-862919.925,0
antARctica,,16.593335,-86.0033925,,0.1,,,,,165933.35,-860033.925,0
antARctica,,16.4927,-85.6013425,,0.1,,,,,164927,-856013.425,0
antARctica,,16.35083,-85.014625,,0.1,,,,,163508.3,-850146.25,0
antARctica,,16.205225,-84.429785,,0.1,,,,,162052.25,-844297.85,0
antARctica,,16.09336,-84.033375,,0.1,,,,,160933.6,-840333.75,0
antARctica,,15.955885,-83.638525,,0.1,,,,,159558.85,-836385.25,0
antARctica,,15.75088,-83.05713,,0.1,,,,,157508.8,-830571.3,0
antARctica,,15.5421375,-82.4738525,,0.1,,,,,155421.375,-824738.525,0
antARctica,,15.393385,-82.0733875,,0.1,,,,,153933.85,-820733.875,0
antARctica,,15.3023925,-81.85376,,0.1,,,,,153023.925,-818537.6,0
antARctica,,15.177465,-81.5648925,,0.1,,,,,151774.65,-815648.925,0
antARctica,,15.04187,-81.2571775,,0.1,,,,,150418.7,-812571.775,0
antARctica,,14.91892,-80.9809925,,0.1,,,,,149189.2,-809809.925,0
antARctica,,10.033545,-70.633435,,0.1,,,,,100335.45,-706334.35,0
antARctica,,10.0948,-70.8114025,,0.1,,,,,100948,-708114.025,0
antARctica,,10.23103,-71.20968,,0.1,,,,,102310.3,-712096.8,0
antARctica,,10.371045,-71.62483,,0.1,,,,,103710.45,-716248.3,0
antARctica,,10.44353,-71.85343,,0.1,,,,,104435.3,-718534.3,0
antARctica,,10.5005625,-72.0614025,,0.1,,,,,105005.625,-720614.025,0
antARctica,,10.607275,-72.4371825,,0.1,,,,,106072.75,-724371.825,0
antARctica,,10.71211,-72.811095,,0.1,,,,,107121.1,-728110.95,0
antARctica,,10.763525,-73.01344,,0.1,,,,,107635.25,-730134.4,0
antARctica,,10.835255,-73.2496825,,0.1,,,,,108352.55,-732496.825,0
antARctica,,10.984765,-73.70343,,0.1,,,,,109847.65,-737034.3,0
antARctica,,11.1361825,-74.1721675,,0.1,,,,,111361.825,-741721.675,0
antARctica,,11.213525,-74.45343,,0.1,,,,,112135.25,-744534.3,0
antARctica,,11.2525875,-74.6121825,,0.1,,,,,112525.875,-746121.825,0
antARctica,,11.323535,-74.8159425,,0.1,,,,,113235.35,-748159.425,0
antARctica,,11.4019525,-75.015955,,0.1,,,,,114019.525,-750159.55,0
antARctica,,11.463525,-75.16344,,0.1,,,,,114635.25,-751634.4,0
antARctica,,11.629785,-75.497815,,0.1,,,,,116297.85,-754978.15,0
antARctica,,11.946045,-76.1134525,,0.1,,,,,119460.45,-761134.525,0
antARctica,,12.273535,-76.7440925,,0.1,,,,,122735.35,-767440.925,0
antARctica,,12.473535,-77.1234875,,0.1,,,,,124735.35,-771234.875,0
antARctica,,12.757275,-77.632555,,0.1,,,,,127572.75,-776325.55,0
antARctica,,13.266015,-78.54099,,0.1,,,,,132660.15,-785409.9,0
antARctica,,13.756005,-79.415675,,0.1,,,,,137560.05,-794156.75,0
antARctica,,13.98352,-79.8234875,,0.1,,,,,139835.2,-798234.875,0
antARctica,,14.1075925,-80.0747325,,0.1,,,,,141075.925,-800747.325,0
antARctica,,14.361035,-80.58849,,0.1,,,,,143610.35,-805884.9,0
antARctica,,14.6107175,-81.09474,,0.1,,,,,146107.175,-810947.4,0
antARctica,,14.723535,-81.3234875,,0.1,,,,,147235.35,-813234.875,0
antARctica,,18.2534425,-134.363305,,0.1,,,,,182534.425,-1343633.05,0
antARctica,,18.232665,-134.1997075,,0.1,,,,,182326.65,-1341997.075,0
antARctica,,18.1846925,-133.8195325,,0.1,,,,,181846.925,-1338195.325,0
antARctica,,18.1311025,-133.38877,,0.1,,,,,181311.025,-1333887.7,0
antARctica,,18.0934325,-133.07329,,0.1,,,,,180934.325,-1330732.9,0
antARctica,,18.0664075,-132.63374,,0.1,,,,,180664.075,-1326337.4,0
antARctica,,18.0346675,-131.912035,,0.1,,,,,180346.675,-1319120.35,0
antARctica,,18.004835,-131.1959475,,0.1,,,,,180048.35,-1311959.475,0
antARctica,,17.9834225,-130.77329,,0.1,,,,,179834.225,-1307732.9,0
antARctica,,17.9609375,-130.4115725,,0.1,,,,,179609.375,-1304115.725,0
antARctica,,17.9309325,-129.8445325,,0.1,,,,,179309.325,-1298445.325,0
antARctica,,17.9046875,-129.309375,,0.1,,,,,179046.875,-1293093.75,0
antARctica,,17.8934325,-129.043285,,0.1,,,,,178934.325,-1290432.85,0
antARctica,,17.8846925,-128.7601575,,0.1,,,,,178846.925,-1287601.575,0
antARctica,,17.8684325,-128.1882825,,0.1,,,,,178684.325,-1281882.825,0
antARctica,,17.8596925,-127.5864025,,0.1,,,,,178596.925,-1275864.025,0
antARctica,,17.8734375,-127.2132825,,0.1,,,,,178734.375,-1272132.825,0
antARctica,,17.9184325,-126.788135,,0.1,,,,,179184.325,-1267881.35,0
antARctica,,17.9784425,-126.0770275,,0.1,,,,,179784.425,-1260770.275,0
antARctica,,18.0309325,-125.4090575,,0.1,,,,,180309.325,-1254090.575,0
antARctica,,18.0534425,-125.1132825,,0.1,,,,,180534.425,-1251132.825,0
antARctica,,18.1134275,-124.4208,,0.1,,,,,181134.275,-1244208,0
antARctica,,18.1734375,-123.728295,,0.1,,,,,181734.375,-1237282.95,0
antARctica,,18.2334475,-123.03579,,0.1,,,,,182334.475,-1230357.9,0
antARctica,,18.2934325,-122.34331,,0.1,,,,,182934.325,-1223433.1,0
antARctica,,18.3159175,-122.14082,,0.1,,,,,183159.175,-1221408.2,0
antARctica,,18.3384275,-121.938305,,0.1,,,,,183384.275,-1219383.05,0
antARctica,,18.3609375,-121.73579,,0.1,,,,,183609.375,-1217357.9,0
antARctica,,18.3834225,-121.5333,,0.1,,,,,183834.225,-1215333,0
antARctica,,18.4070075,-121.3498775,,0.1,,,,,184070.075,-1213498.775,0
antARctica,,18.4596675,-120.93584,,0.1,,,,,184596.675,-1209358.4,0
antARctica,,18.51421,-120.4955575,,0.1,,,,,185142.1,-1204955.575,0
antARctica,,18.5434325,-120.23335,,0.1,,,,,185434.325,-1202333.5,0
antARctica,,18.5851575,-119.997705,,0.1,,,,,185851.575,-1199977.05,0
antARctica,,18.6671875,-119.615845,,0.1,,,,,186671.875,-1196158.45,0
antARctica,,18.74734,-119.260205,,0.1,,,,,187473.4,-1192602.05,0
antARctica,,18.7834225,-119.103345,,0.1,,,,,187834.225,-1191033.45,0
antARctica,,18.8184075,-118.94082,,0.1,,,,,188184.075,-1189408.2,0
antARctica,,18.8534175,-118.77832,,0.1,,,,,188534.175,-1187783.2,0
antARctica,,18.8884275,-118.61582,,0.1,,,,,188884.275,-1186158.2,0
antARctica,,18.9234375,-118.45332,,0.1,,,,,189234.375,-1184533.2,0
antARctica,,11.86355,-111.2932375,,0.1,,,,,118635.5,-1112932.375,0
antARctica,,11.82854,-111.42495,,0.1,,,,,118285.4,-1114249.5,0
antARctica,,11.748535,-111.7244875,,0.1,,,,,117485.35,-1117244.875,0
antARctica,,11.661035,-112.0483875,,0.1,,,,,116610.35,-1120483.875,0
antARctica,,11.60354,-112.2532475,,0.1,,,,,116035.4,-1122532.475,0
antARctica,,11.5577625,-112.4046625,,0.1,,,,,115577.625,-1124046.625,0
antARctica,,11.49231,-112.6320075,,0.1,,,,,114923.1,-1126320.075,0
antARctica,,11.42495,-112.88745,,0.1,,,,,114249.5,-1128874.5,0
antARctica,,11.37356,-113.1232425,,0.1,,,,,113735.6,-1131232.425,0
antARctica,,11.3009025,-113.46792,,0.1,,,,,113009.025,-1134679.2,0
antARctica,,11.189795,-113.9532225,,0.1,,,,,111897.95,-1139532.225,0
antARctica,,11.088085,-114.386035,,0.1,,,,,110880.85,-1143860.35,0
antARctica,,11.043555,-114.5732175,,0.1,,,,,110435.55,-1145732.175,0
antARctica,,11.028565,-114.6432125,,0.1,,,,,110285.65,-1146432.125,0
antARctica,,11.01355,-114.7132325,,0.1,,,,,110135.5,-1147132.325,0
antARctica,,10.998535,-114.7832275,,0.1,,,,,109985.35,-1147832.275,0
antARctica,,10.983545,-114.8532225,,0.1,,,,,109835.45,-1148532.225,0
antARctica,,9.63352,-118.92317,,0.1,,,,,96335.2,-1189231.7,0
antARctica,,9.6100825,-119.2780025,,0.1,,,,,96100.825,-1192780.025,0
antARctica,,9.55852,-120.066895,,0.1,,,,,95585.2,-1200668.95,0
antARctica,,9.5069575,-120.87644,,0.1,,,,,95069.575,-1208764.4,0
antARctica,,9.48352,-121.293165,,0.1,,,,,94835.2,-1212931.65,0
antARctica,,9.47102,-121.4848875,,0.1,,,,,94710.2,-1214848.875,0
antARctica,,9.443505,-121.799415,,0.1,,,,,94435.05,-1217994.15,0
antARctica,,9.416015,-122.09331,,0.1,,,,,94160.15,-1220933.1,0
antARctica,,9.403515,-122.22317,,0.1,,,,,94035.15,-1222231.7,0
antARctica,,9.363525,-123.543165,,0.1,,,,,93635.25,-1235431.65,0
antARctica,,9.357275,-123.731445,,0.1,,,,,93572.75,-1237314.45,0
antARctica,,9.34353,-124.15691,,0.1,,,,,93435.3,-1241569.1,0
antARctica,,9.329785,-124.6104975,,0.1,,,,,93297.85,-1246104.975,0
antARctica,,9.323535,-124.883155,,0.1,,,,,93235.35,-1248831.55,0
antARctica,,9.309155,-125.308155,,0.1,,,,,93091.55,-1253081.55,0
antARctica,,9.276025,-126.115675,,0.1,,,,,92760.25,-1261156.75,0
antARctica,,9.23916,-126.94192,,0.1,,,,,92391.6,-1269419.2,0
antARctica,,9.213525,-127.42317,,0.1,,,,,92135.25,-1274231.7,0
antARctica,,9.1936775,-127.75144,,0.1,,,,,91936.775,-1277514.4,0
antARctica,,9.167285,-128.256885,,0.1,,,,,91672.85,-1282568.85,0
antARctica,,9.13899,-128.7829825,,0.1,,,,,91389.9,-1287829.825,0
antARctica,,9.113525,-129.173145,,0.1,,,,,91135.25,-1291731.45,0
antARctica,,8.773535,-132.02317,,0.1,,,,,87735.35,-1320231.7,0
antARctica,,8.8200925,-131.9078625,,0.1,,,,,88200.925,-1319078.625,0
antARctica,,8.92854,-131.633155,,0.1,,,,,89285.4,-1316331.55,0
antARctica,,9.0519525,-131.3059575,,0.1,,,,,90519.525,-1313059.575,0
antARctica,,9.14353,-131.033155,,0.1,,,,,91435.3,-1310331.55,0
antARctica,,9.2168225,-130.786915,,0.1,,,,,92168.225,-1307869.15,0
antARctica,,9.302295,-130.495655,,0.1,,,,,93022.95,-1304956.55,0
antARctica,,9.3783925,-130.20066,,0.1,,,,,93783.925,-1302006.6,0
antARctica,,9.423535,-129.943165,,0.1,,,,,94235.35,-1299431.65,0
antARctica,,9.4582275,-129.640675,,0.1,,,,,94582.275,-1296406.75,0
antARctica,,9.50603,-129.248145,,0.1,,,,,95060.3,-1292481.45,0
antARctica,,9.5500975,-128.863135,,0.1,,,,,95500.975,-1288631.35,0
antARctica,,9.573535,-128.583155,,0.1,,,,,95735.35,-1285831.55,0
antARctica,,9.5917975,-128.228175,,0.1,,,,,95917.975,-1282281.75,0
antARctica,,9.622265,-127.7006825,,0.1,,,,,96222.65,-1277006.825,0
antARctica,,9.65088,-127.221925,,0.1,,,,,96508.8,-1272219.25,0
antARctica,,9.663525,-127.0131825,,0.1,,,,,96635.25,-1270131.825,0
antARctica,,9.678515,-126.6856925,,0.1,,,,,96785.15,-1266856.925,0
antARctica,,9.69353,-126.3581775,,0.1,,,,,96935.3,-1263581.775,0
antARctica,,9.708545,-126.030665,,0.1,,,,,97085.45,-1260306.65,0
antARctica,,9.723535,-125.703175,,0.1,,,,,97235.35,-1257031.75,0
antARctica,,9.72854,-125.4831775,,0.1,,,,,97285.4,-1254831.775,0
antARctica,,9.733545,-125.2631825,,0.1,,,,,97335.45,-1252631.825,0
antARctica,,9.738525,-125.043165,,0.1,,,,,97385.25,-1250431.65,0
antARctica,,9.74353,-124.82317,,0.1,,,,,97435.3,-1248231.7,0
antARctica,,8.363525,-131.673145,,0.1,,,,,83635.25,-1316731.45,0
antARctica,,8.4069575,-131.5861075,,0.1,,,,,84069.575,-1315861.075,0
antARctica,,8.50852,-131.366895,,0.1,,,,,85085.2,-1313668.95,0
antARctica,,8.6250975,-131.0782725,,0.1,,,,,86250.975,-1310782.725,0
antARctica,,8.713525,-130.78313,,0.1,,,,,87135.25,-1307831.3,0
antARctica,,8.7788325,-130.446925,,0.1,,,,,87788.325,-1304469.25,0
antARctica,,8.84602,-130.05066,,0.1,,,,,88460.2,-1300506.6,0
antARctica,,8.9019525,-129.680665,,0.1,,,,,89019.525,-1296806.65,0
antARctica,,8.93352,-129.423145,,0.1,,,,,89335.2,-1294231.45,0
antARctica,,8.9481925,-129.18081,,0.1,,,,,89481.925,-1291808.1,0
antARctica,,8.961035,-128.871875,,0.1,,,,,89610.35,-1288718.75,0
antARctica,,8.9700925,-128.6061025,,0.1,,,,,89700.925,-1286061.025,0
antARctica,,8.973535,-128.49314,,0.1,,,,,89735.35,-1284931.4,0
antARctica,,7.563525,-131.103175,,0.1,,,,,75635.25,-1311031.75,0
antARctica,,7.578515,-130.822265,,0.1,,,,,75785.15,-1308222.65,0
antARctica,,7.59353,-130.5413325,,0.1,,,,,75935.3,-1305413.325,0
antARctica,,7.608545,-130.2604,,0.1,,,,,76085.45,-1302604,0
antARctica,,7.623535,-129.9794925,,0.1,,,,,76235.35,-1299794.925,0
antARctica,,7.623535,-129.7967775,,0.1,,,,,76235.35,-1297967.775,0
antARctica,,7.623535,-129.3925525,,0.1,,,,,76235.35,-1293925.525,0
antARctica,,7.623535,-128.982715,,0.1,,,,,76235.35,-1289827.15,0
antARctica,,7.623535,-128.78313,,0.1,,,,,76235.35,-1287831.3,0
antARctica,,7.6188475,-128.5172125,,0.1,,,,,76188.475,-1285172.125,0
antARctica,,7.608545,-127.945655,,0.1,,,,,76085.45,-1279456.55,0
antARctica,,7.5982175,-127.3403325,,0.1,,,,,75982.175,-1273403.325,0
antARctica,,7.59353,-126.973145,,0.1,,,,,75935.3,-1269731.45,0
antARctica,,7.58291,-126.6672375,,0.1,,,,,75829.1,-1266672.375,0
antARctica,,7.561035,-126.183155,,0.1,,,,,75610.35,-1261831.55,0
antARctica,,7.54292,-125.69912,,0.1,,,,,75429.2,-1256991.2,0
antARctica,,7.54353,-125.393165,,0.1,,,,,75435.3,-1253931.65,0
antARctica,,7.5582025,-125.0530275,,0.1,,,,,75582.025,-1250530.275,0
antARctica,,7.57102,-124.509425,,0.1,,,,,75710.2,-1245094.25,0
antARctica,,7.5800775,-124.005225,,0.1,,,,,75800.775,-1240052.25,0
antARctica,,7.58352,-123.7831775,,0.1,,,,,75835.2,-1237831.775,0
antARctica,,7.588525,-123.568165,,0.1,,,,,75885.25,-1235681.65,0
antARctica,,7.59353,-123.353175,,0.1,,,,,75935.3,-1233531.75,0
antARctica,,7.598535,-123.1381825,,0.1,,,,,75985.35,-1231381.825,0
antARctica,,7.60354,-122.92317,,0.1,,,,,76035.4,-1229231.7,0
antARctica,,6.923535,-131.12312,,0.1,,,,,69235.35,-1311231.2,0
antARctica,,6.9143075,-130.9820325,,0.1,,,,,69143.075,-1309820.325,0
antARctica,,6.894775,-130.66936,,0.1,,,,,68947.75,-1306693.6,0
antARctica,,6.877125,-130.351075,,0.1,,,,,68771.25,-1303510.75,0
antARctica,,6.873535,-130.193115,,0.1,,,,,68735.35,-1301931.15,0
antARctica,,6.87151,-129.9257825,,0.1,,,,,68715.1,-1299257.825,0
antARctica,,6.8573,-129.366895,,0.1,,,,,68573,-1293668.95,0
antARctica,,6.84121,-128.8135975,,0.1,,,,,68412.1,-1288135.975,0
antARctica,,6.833545,-128.563135,,0.1,,,,,68335.45,-1285631.35,0
antARctica,,6.836035,-128.278125,,0.1,,,,,68360.35,-1282781.25,0
antARctica,,6.838525,-127.99314,,0.1,,,,,68385.25,-1279931.4,0
antARctica,,6.841015,-127.708155,,0.1,,,,,68410.15,-1277081.55,0
antARctica,,6.84353,-127.423145,,0.1,,,,,68435.3,-1274231.45,0
antARctica,,6.846655,-127.2023675,,0.1,,,,,68466.55,-1272023.675,0
antARctica,,6.85354,-126.71438,,0.1,,,,,68535.4,-1267143.8,0
antARctica,,6.860425,-126.2208,,0.1,,,,,68604.25,-1262208,0
antARctica,,6.86355,-125.98313,,0.1,,,,,68635.5,-1259831.3,0
antARctica,,6.8744875,-125.7751475,,0.1,,,,,68744.875,-1257751.475,0
antARctica,,6.898535,-125.346875,,0.1,,,,,68985.35,-1253468.75,0
antARctica,,6.9226075,-124.92422,,0.1,,,,,69226.075,-1249242.2,0
antARctica,,6.933545,-124.73313,,0.1,,,,,69335.45,-1247331.3,0
antARctica,,10.6135,-133.39309,,0.1,,,,,106135,-1333930.9,0
antARctica,,10.6119375,-133.2782475,,0.1,,,,,106119.375,-1332782.475,0
antARctica,,10.608495,-133.021825,,0.1,,,,,106084.95,-1330218.25,0
antARctica,,10.6050775,-132.756055,,0.1,,,,,106050.775,-1327560.55,0
antARctica,,10.603515,-132.613085,,0.1,,,,,106035.15,-1326130.85,0
antARctica,,10.6144525,-132.443555,,0.1,,,,,106144.525,-1324435.55,0
antARctica,,10.638525,-132.119335,,0.1,,,,,106385.25,-1321193.35,0
antARctica,,10.6625725,-131.8044925,,0.1,,,,,106625.725,-1318044.925,0
antARctica,,10.67351,-131.663085,,0.1,,,,,106735.1,-1316630.85,0
antARctica,,10.68601,-131.5919925,,0.1,,,,,106860.1,-1315919.925,0
antARctica,,10.713525,-131.431835,,0.1,,,,,107135.25,-1314318.35,0
antARctica,,10.741015,-131.262305,,0.1,,,,,107410.15,-1312623.05,0
antARctica,,10.753515,-131.163085,,0.1,,,,,107535.15,-1311630.85,0
antARctica,,10.751025,-131.1107425,,0.1,,,,,107510.25,-1311107.425,0
antARctica,,10.74851,-131.03684,,0.1,,,,,107485.1,-1310368.4,0
antARctica,,10.753515,-130.953565,,0.1,,,,,107535.15,-1309535.65,0
antARctica,,10.77351,-130.873095,,0.1,,,,,107735.1,-1308730.95,0
antARctica,,10.7968025,-130.781055,,0.1,,,,,107968.025,-1307810.55,0
antARctica,,10.809765,-130.669335,,0.1,,,,,108097.65,-1306693.35,0
antARctica,,10.817115,-130.5594975,,0.1,,,,,108171.15,-1305594.975,0
antARctica,,10.82351,-130.473095,,0.1,,,,,108235.1,-1304730.95,0
antARctica,,10.8324225,-130.399195,,0.1,,,,,108324.225,-1303991.95,0
antARctica,,10.84226,-130.324365,,0.1,,,,,108422.6,-1303243.65,0
antARctica,,10.850245,-130.2663825,,0.1,,,,,108502.45,-1302663.825,0
antARctica,,10.853515,-130.24309,,0.1,,,,,108535.15,-1302430.9,0
antARctica,,9.3135,-132.483105,,0.1,,,,,93135,-1324831.05,0
antARctica,,9.38335,-132.3353025,,0.1,,,,,93833.5,-1323353.025,0
antARctica,,9.512255,-132.01311,,0.1,,,,,95122.55,-1320131.1,0
antARctica,,9.6467775,-131.6759275,,0.1,,,,,96467.775,-1316759.275,0
antARctica,,9.733495,-131.483105,,0.1,,,,,97334.95,-1314831.05,0
antARctica,,9.8124025,-131.2665275,,0.1,,,,,98124.025,-1312665.275,0
antARctica,,9.92976,-130.86809,,0.1,,,,,99297.6,-1308680.9,0
antARctica,,10.041505,-130.4621575,,0.1,,,,,100415.05,-1304621.575,0
antARctica,,10.103515,-130.223095,,0.1,,,,,101035.15,-1302230.95,0
antARctica,,10.1474125,-130.032325,,0.1,,,,,101474.125,-1300323.25,0
antARctica,,10.214745,-129.739355,,0.1,,,,,102147.45,-1297393.55,0
antARctica,,10.27649,-129.4707525,,0.1,,,,,102764.9,-1294707.525,0
antARctica,,10.303515,-129.3531,,0.1,,,,,103035.15,-1293531,0
antARctica,,10.31101,-129.318115,,0.1,,,,,103110.1,-1293181.15,0
antARctica,,10.318505,-129.283105,,0.1,,,,,103185.05,-1292831.05,0
antARctica,,10.326,-129.248095,,0.1,,,,,103260,-1292480.95,0
antARctica,,10.333495,-129.213085,,0.1,,,,,103334.95,-1292130.85,0
antARctica,,11.833495,-129.8232175,,0.1,,,,,118334.95,-1298232.175,0
antARctica,,11.81145,-129.90542,,0.1,,,,,118114.5,-1299054.2,0
antARctica,,11.7622325,-130.0907225,,0.1,,,,,117622.325,-1300907.225,0
antARctica,,11.7111325,-130.28728,,0.1,,,,,117111.325,-1302872.8,0
antARctica,,11.683495,-130.4032225,,0.1,,,,,116834.95,-1304032.225,0
antARctica,,11.6667975,-130.4957275,,0.1,,,,,116667.975,-1304957.275,0
antARctica,,11.639745,-130.6407225,,0.1,,,,,116397.45,-1306407.225,0
antARctica,,11.614575,-130.7744625,,0.1,,,,,116145.75,-1307744.625,0
antARctica,,11.6034675,-130.8332275,,0.1,,,,,116034.675,-1308332.275,0
antARctica,,11.5959725,-130.8982425,,0.1,,,,,115959.725,-1308982.425,0
antARctica,,11.5884775,-130.9632325,,0.1,,,,,115884.775,-1309632.325,0
antARctica,,11.5809575,-131.0282225,,0.1,,,,,115809.575,-1310282.225,0
antARctica,,11.5734625,-131.0932125,,0.1,,,,,115734.625,-1310932.125,0
antARctica,,11.5734625,-131.1307125,,0.1,,,,,115734.625,-1311307.125,0
antARctica,,11.5734625,-131.1682125,,0.1,,,,,115734.625,-1311682.125,0
antARctica,,11.5734625,-131.2057125,,0.1,,,,,115734.625,-1312057.125,0
antARctica,,11.5734625,-131.2432125,,0.1,,,,,115734.625,-1312432.125,0
antARctica,,11.5634775,-131.3032225,,0.1,,,,,115634.775,-1313032.225,0
antARctica,,11.5534675,-131.3632325,,0.1,,,,,115534.675,-1313632.325,0
antARctica,,11.5434575,-131.4232425,,0.1,,,,,115434.575,-1314232.425,0
antARctica,,11.5334725,-131.4832275,,0.1,,,,,115334.725,-1314832.275,0
antARctica,,11.4534675,-131.8132325,,0.1,,,,,114534.675,-1318132.325,0
antARctica,,11.445655,-131.846825,,0.1,,,,,114456.55,-1318468.25,0
antARctica,,11.4284675,-131.9319825,,0.1,,,,,114284.675,-1319319.825,0
antARctica,,11.41128,-132.0452625,,0.1,,,,,114112.8,-1320452.625,0
antARctica,,11.4034675,-132.1632325,,0.1,,,,,114034.675,-1321632.325,0
antARctica,,11.39878,-132.2700925,,0.1,,,,,113987.8,-1322700.925,0
antARctica,,11.3884775,-132.3657225,,0.1,,,,,113884.775,-1323657.225,0
antARctica,,11.37815,-132.4500975,,0.1,,,,,113781.5,-1324500.975,0
antARctica,,11.3734625,-132.5232175,,0.1,,,,,113734.625,-1325232.175,0
antARctica,,11.3797125,-132.6111825,,0.1,,,,,113797.125,-1326111.825,0
antARctica,,11.3934575,-132.7169675,,0.1,,,,,113934.575,-1327169.675,0
antARctica,,11.4072275,-132.80586,,0.1,,,,,114072.275,-1328058.6,0
antARctica,,11.4134775,-132.8432125,,0.1,,,,,114134.775,-1328432.125,0
antARctica,,12.2034675,-130.3632325,,0.1,,,,,122034.675,-1303632.325,0
antARctica,,12.195655,-130.4365225,,0.1,,,,,121956.55,-1304365.225,0
antARctica,,12.1784675,-130.6044925,,0.1,,,,,121784.675,-1306044.925,0
antARctica,,12.16128,-130.78933,,0.1,,,,,121612.8,-1307893.3,0
antARctica,,12.1534675,-130.9132325,,0.1,,,,,121534.675,-1309132.325,0
antARctica,,12.1391125,-131.0488525,,0.1,,,,,121391.125,-1310488.525,0
antARctica,,12.1059825,-131.2632325,,0.1,,,,,121059.825,-1312632.325,0
antARctica,,12.069115,-131.4701175,,0.1,,,,,120691.15,-1314701.175,0
antARctica,,12.0434825,-131.5832275,,0.1,,,,,120434.825,-1315832.275,0
antARctica,,12.0209725,-131.6574475,,0.1,,,,,120209.725,-1316574.475,0
antARctica,,11.9909675,-131.7794925,,0.1,,,,,119909.675,-1317794.925,0
antARctica,,11.9647225,-131.9108875,,0.1,,,,,119647.225,-1319108.875,0
antARctica,,11.9534675,-132.0132325,,0.1,,,,,119534.675,-1320132.325,0
antARctica,,11.9484625,-132.119165,,0.1,,,,,119484.625,-1321191.65,0
antARctica,,11.9359625,-132.2607175,,0.1,,,,,119359.625,-1322607.175,0
antARctica,,11.9197275,-132.398535,,0.1,,,,,119197.275,-1323985.35,0
antARctica,,11.9034675,-132.4932125,,0.1,,,,,119034.675,-1324932.125,0
antARctica,,11.879395,-132.5675775,,0.1,,,,,118793.95,-1325675.775,0
antARctica,,11.8459725,-132.6532225,,0.1,,,,,118459.725,-1326532.225,0
antARctica,,11.816285,-132.7238525,,0.1,,,,,118162.85,-1327238.525,0
antARctica,,11.8034675,-132.7532225,,0.1,,,,,118034.675,-1327532.225,0
antARctica,,11.6434825,-128.4432375,,0.1,,,,,116434.825,-1284432.375,0
antARctica,,11.6655275,-128.3465325,,0.1,,,,,116655.275,-1283465.325,0
antARctica,,11.714745,-128.1270025,,0.1,,,,,117147.45,-1281270.025,0
antARctica,,11.76582,-127.890575,,0.1,,,,,117658.2,-1278905.75,0
antARctica,,11.7934825,-127.7432375,,0.1,,,,,117934.825,-1277432.375,0
antARctica,,11.8105225,-127.62151,,0.1,,,,,118105.225,-1276215.1,0
antARctica,,11.8397225,-127.4369625,,0.1,,,,,118397.225,-1274369.625,0
antARctica,,11.870825,-127.2580575,,0.1,,,,,118708.25,-1272580.575,0
antARctica,,11.8934825,-127.1532225,,0.1,,,,,118934.825,-1271532.225,0
antARctica,,11.9128425,-127.068555,,0.1,,,,,119128.425,-1270685.55,0
antARctica,,11.9359875,-126.9407475,,0.1,,,,,119359.875,-1269407.475,0
antARctica,,11.9553475,-126.82417,,0.1,,,,,119553.475,-1268241.7,0
antARctica,,11.9634775,-126.7732425,,0.1,,,,,119634.775,-1267732.425,0
antARctica,,11.962085,-126.7490225,,0.1,,,,,119620.85,-1267490.225,0
antARctica,,11.95974,-126.6919925,,0.1,,,,,119597.4,-1266919.925,0
antARctica,,11.9592775,-126.625585,,0.1,,,,,119592.775,-1266255.85,0
antARctica,,11.9634775,-126.5732425,,0.1,,,,,119634.775,-1265732.425,0
antARctica,,11.9708,-126.48496,,0.1,,,,,119708,-1264849.6,0
antARctica,,11.9772225,-126.3395025,,0.1,,,,,119772.225,-1263395.025,0
antARctica,,11.9817375,-126.2033925,,0.1,,,,,119817.375,-1262033.925,0
antARctica,,11.9834725,-126.1432375,,0.1,,,,,119834.725,-1261432.375,0
antARctica,,11.9834725,-126.0932375,,0.1,,,,,119834.725,-1260932.375,0
antARctica,,11.9834725,-126.0432375,,0.1,,,,,119834.725,-1260432.375,0
antARctica,,11.9834725,-125.9932375,,0.1,,,,,119834.725,-1259932.375,0
antARctica,,11.9834725,-125.9432375,,0.1,,,,,119834.725,-1259432.375,0
antARctica,,12.3434825,-126.5732425,,0.1,,,,,123434.825,-1265732.425,0
antARctica,,12.357715,-126.42544,,0.1,,,,,123577.15,-1264254.4,0
antARctica,,12.389745,-126.0957525,,0.1,,,,,123897.45,-1260957.525,0
antARctica,,12.4236325,-125.75481,,0.1,,,,,124236.325,-1257548.1,0
antARctica,,12.4434825,-125.5732425,,0.1,,,,,124434.825,-1255732.425,0
antARctica,,12.460205,-125.4338625,,0.1,,,,,124602.05,-1254338.625,0
antARctica,,12.4872325,-125.1857425,,0.1,,,,,124872.325,-1251857.425,0
antARctica,,12.5124025,-124.9488775,,0.1,,,,,125124.025,-1249488.775,0
antARctica,,12.5234875,-124.8432375,,0.1,,,,,125234.875,-1248432.375,0
antARctica,,12.5734875,-124.5632325,,0.1,,,,,125734.875,-1245632.325,0
antARctica,,12.59099,-124.2732425,,0.1,,,,,125909.9,-1242732.425,0
antARctica,,12.608495,-123.9832275,,0.1,,,,,126084.95,-1239832.275,0
antARctica,,12.6259775,-123.6932125,,0.1,,,,,126259.775,-1236932.125,0
antARctica,,12.6434825,-123.4032225,,0.1,,,,,126434.825,-1234032.225,0
antARctica,,12.7134775,-123.0832775,,0.1,,,,,127134.775,-1230832.775,0
antARctica,,12.7384775,-122.801415,,0.1,,,,,127384.775,-1228014.15,0
antARctica,,12.7934825,-122.1782725,,0.1,,,,,127934.825,-1221782.725,0
antARctica,,12.8484875,-121.5476575,,0.1,,,,,128484.875,-1215476.575,0
antARctica,,12.8734875,-121.2432625,,0.1,,,,,128734.875,-1212432.625,0
antARctica,,16.693285,-134.662965,,0.1,,,,,166932.85,-1346629.65,0
antARctica,,16.6698475,-134.46438,,0.1,,,,,166698.475,-1344643.8,0
antARctica,,16.618285,-134.0192375,,0.1,,,,,166182.85,-1340192.375,0
antARctica,,16.5667225,-133.5534425,,0.1,,,,,165667.225,-1335534.425,0
antARctica,,16.543285,-133.29297,,0.1,,,,,165432.85,-1332929.7,0
antARctica,,16.52766,-133.025465,,0.1,,,,,165276.6,-1330254.65,0
antARctica,,16.493285,-132.53296,,0.1,,,,,164932.85,-1325329.6,0
antARctica,,16.45891,-132.03296,,0.1,,,,,164589.1,-1320329.6,0
antARctica,,16.443285,-131.74297,,0.1,,,,,164432.85,-1317429.7,0
antARctica,,16.4354725,-131.484375,,0.1,,,,,164354.725,-1314843.75,0
antARctica,,16.418285,-131.06172,,0.1,,,,,164182.85,-1310617.2,0
antARctica,,16.4010975,-130.6671875,,0.1,,,,,164010.975,-1306671.875,0
antARctica,,16.393285,-130.49297,,0.1,,,,,163932.85,-1304929.7,0
antARctica,,15.213305,-134.71294,,0.1,,,,,152133.05,-1347129.4,0
antARctica,,15.21643,-134.481055,,0.1,,,,,152164.3,-1344810.55,0
antARctica,,15.22329,-133.96792,,0.1,,,,,152232.9,-1339679.2,0
antARctica,,15.230175,-133.44729,,0.1,,,,,152301.75,-1334472.9,0
antARctica,,15.2333,-133.19292,,0.1,,,,,152333,-1331929.2,0
antARctica,,15.2379875,-133.1401125,,0.1,,,,,152379.875,-1331401.125,0
antARctica,,15.24829,-133.06294,,0.1,,,,,152482.9,-1330629.4,0
antARctica,,15.2586175,-132.9932625,,0.1,,,,,152586.175,-1329932.625,0
antARctica,,15.263305,-132.96294,,0.1,,,,,152633.05,-1329629.4,0
antARctica,,15.313305,-132.46294,,0.1,,,,,153133.05,-1324629.4,0
antARctica,,15.3203375,-132.239965,,0.1,,,,,153203.375,-1322399.65,0
antARctica,,15.33955,-131.74419,,0.1,,,,,153395.5,-1317441.9,0
antARctica,,15.36814,-131.2352775,,0.1,,,,,153681.4,-1312352.775,0
antARctica,,15.403295,-130.97295,,0.1,,,,,154032.95,-1309729.5,0
